{"_runtime": 908.0838308334352, "_timestamp": 1705666379.7892687, "training_loss": 0.9217574000358582, "validation_loss": 0.9376989006996156, "validation_score": 0.25743284821510315, "_step": 1}